nome,pais,lat,lng,pop
Colonia del Sacramento,URY,-34.48,-57.84,21714
Trinidad,URY,-33.544,-56.901,21093
Fray Bentos,URY,-33.139,-58.304,23279
Canelones,URY,-34.538,-56.284,19698
Florida,URY,-34.099,-56.215,32234
Mariscal Estigarribia,PRY,-22.03,-60.61,2500
Caacupé,PRY,-25.387,-57.14,21696
Artigas,URY,-30.416,-56.486,41909
Baltasar Brum,URY,-30.73,-57.32,2517
Tranqueras,URY,-31.2,-55.75,7474
Tacuarembó,URY,-31.71,-55.98,54277
Paso de los Toros,URY,-32.81,-56.51,13221
Vergara,URY,-32.93,-53.95,3998
Treinta y Tres,URY,-33.23,-54.38,27684
Santa Lucía,URY,-34.47,-56.4,16438
José Batlle y Ordóñez,URY,-33.47,-55.12,2438
Minas,URY,-34.37,-55.23,41180
Maldonado,URY,-34.91,-54.96,55478
Punta del Este,URY,-34.97,-54.95,159000
Aiguá,URY,-34.2,-54.75,2692
La Paloma,URY,-34.67,-54.17,3230
Ferreñafe,PER,-6.63,-79.8,50184
Motupe,PER,-6.15,-79.71,13681
Mollendo,PER,-17.02,-72.02,49033
Urubamba,PER,-13.3042,-72.1166,7540
Santo Tomas,PER,-14.46,-72.08,4134
Putina,PER,-15.47,-69.43,8118
Casma,PER,-9.44,-78.21,30000
Tournavista,PER,-8.9322,-74.7052,511
Huamachuco,PER,-7.81,-78.0499,30835
Otuzco,PER,-7.9,-78.57,10134
Lamas,PER,-6.43,-76.52,13693
Nauta,PER,-4.57,-73.78,2500
Puquio,PER,-14.7,-74.13,10491
Chosica,PER,-11.93,-76.71,88606
Satipo,PER,-11.26,-74.69,15532
Tarma,PER,-11.41,-75.73,51350
La Oroya,PER,-11.52,-75.94,33345
Huaura,PER,-11.06,-77.6,40400
Huacho,PER,-11.11,-77.62,80474
General Eugenio Alejandrino Garay,PRY,-20.52,-62.21,972
Arroyos y Esteros,PRY,-25.05,-57.09,3055
Villa Hayes,PRY,-25.09,-57.53,15643
Fortin Falcon,PRY,-23.0503,-59.8499,-99
Puerto Pinasco,PRY,-22.64,-57.79,500
Pozo Colorado,PRY,-23.43,-58.86,2135
San Pedro,PRY,-24.09,-57.08,9360
San Lorenzo,PRY,-25.34,-57.52,500000
Ypacaraí,PRY,-25.41,-57.28,30150
San Juan Bautista,PRY,-26.68,-57.15,7882
Paraguarí,PRY,-25.62,-57.16,18881
Ñacunday,PRY,-26.02,-54.7699,1250
Coronel Oviedo,PRY,-25.45,-56.44,88101
Caazapá,PRY,-26.2,-56.38,5504
Ype Jhu,PRY,-23.91,-55.46,600
Encarnación,PRY,-27.3472,-55.8739,357119
Coronel Bogado,PRY,-27.17,-56.25,14297
Río Verde,CHL,-52.65,-71.4666,358
Cuya,CHL,-19.1167,-70.1333,20
Chuquicamata,CHL,-22.32,-68.93,0
María Elena,CHL,-22.35,-69.67,2370
Tierra Amarilla,CHL,-27.48,-70.28,12888
Combarbalá,CHL,-31.18,-71.0,5134
San Bernardo,CHL,-33.6,-70.7,246762
San Felipe,CHL,-32.75,-70.72,59294
Viña del Mar,CHL,-33.03,-71.54,503534
La Ligua,CHL,-32.46,-71.24,26665
Quillota,CHL,-32.88,-71.26,79686
Nueva Imperial,CHL,-38.74,-72.96,18777
Loncoche,CHL,-39.37,-72.63,15590
Villarica,CHL,-39.28,-72.23,31602
Toltén,CHL,-39.2166,-73.2123,2293
Lonquimay,CHL,-38.4333,-71.2333,10237
Angol,CHL,-37.79,-72.71,44856
Collipulli,CHL,-37.96,-72.43,16392
La Unión,CHL,-40.29,-73.09,26298
Río Bueno,CHL,-40.34,-72.96,15456
Coronel,CHL,-37.0299,-73.16,92940
Talcahuano,CHL,-36.7167,-73.1167,288074
Quirihue,CHL,-36.28,-72.53,6529
Curanilahue,CHL,-37.48,-73.34,30611
Santa Bárbara,CHL,-37.67,-72.02,3494
Pichilemu,CHL,-34.38,-72.0,11603
San Fernando,CHL,-34.58,-70.99,60746
Puerto Varas,CHL,-41.33,-72.99,24958
Calbuco,CHL,-41.7522,-73.1416,12490
Castro,CHL,-42.4808,-73.7623,29926
Chonchi,CHL,-42.61,-73.81,381
Linares,CHL,-35.84,-71.59,81015
Cauquenes,CHL,-35.96,-72.32,31362
28 de Noviembre,ARG,-51.65,-72.3,5300
Gobernador Gregores,ARG,-48.7666,-70.25,2519
Comondante Luis Piedrabuena,ARG,-49.9745,-68.9035,410
Paso Río Mayo,ARG,-45.6834,-70.2666,1825
Alto Rio Sanguer,ARG,-45.0333,-70.8333,1548
El Maitén,ARG,-42.05,-71.1666,4269
Puerto Madryn,ARG,-42.77,-65.04,64555
Trelew,ARG,-43.25,-65.33,93442
Las Heras,ARG,-32.825,-68.8017,66663
San Martín,ARG,-33.07,-68.49,117399
Uspallata,ARG,-32.5931,-69.346,2390
Cutral Có,ARG,-38.94,-69.24,47814
Punata,BOL,-17.55,-65.84,26323
Cliza,BOL,-17.59,-65.93,15816
Quillacollo,BOL,-17.4,-66.28,227052
Puerto Villarroel,BOL,-16.87,-64.78,1778
Tarabuco,BOL,-19.18,-64.92,2428
Guayaramerín,BOL,-10.83,-65.41,36008
Santa Ana,BOL,-13.76,-65.58,234478
Baures,BOL,-13.58,-63.5801,2422
Punta Alta,ARG,-38.88,-62.08,57209
San Nicolas,ARG,-33.33,-60.24,127742
Campana,ARG,-34.16,-58.96,81612
Chacabuco,ARG,-34.65,-60.49,34587
Mercedes,ARG,-34.66,-59.44,52949
Lincoln,ARG,-34.88,-61.5399,24798
Chivilcoy,ARG,-34.9,-60.04,54514
Veinticinco de Mayo,ARG,-35.43,-60.18,24668
Nueve de Julio,ARG,-35.446,-60.89,34718
Dolores,ARG,-36.33,-57.69,25190
Pedro Luro,ARG,-39.4833,-62.6833,7100
Tres Arroyos,ARG,-38.37,-60.2699,47136
Coronel Suárez,ARG,-37.4666,-61.9166,27000
Balcarce,ARG,-37.8333,-58.25,18967
25 de Mayo,ARG,-37.8,-67.6833,17430
General Roca,ARG,-39.02,-67.61,73212
Comallo,ARG,-41.0333,-70.2666,741
Ingeniero Jacobacci,ARG,-41.3,-69.5833,5719
General Conesa,ARG,-40.1,-64.4333,2958
Choele Choel,ARG,-39.2666,-65.6833,10000
San Francisco,ARG,-31.43,-62.09,59062
Alta Gracia,ARG,-31.66,-64.43,40384
Villa María,ARG,-32.41,-63.26,92453
Bell Ville,ARG,-32.6,-62.68,35105
Villa Rumipal,ARG,-32.1833,-64.4833,1269
Villa Carlos Paz,ARG,-31.42,-64.5,69451
Chumbicha,ARG,-28.8666,-66.2333,2572
Tinogasta,ARG,-28.0666,-67.5666,587
Abra Pampa,ARG,-22.7167,-65.7,4480
Humahuaca,ARG,-23.2,-65.3499,11369
Susques,ARG,-23.4167,-66.4833,1093
Chepes,ARG,-31.35,-66.6,6020
Yacuíba,ARG,-22.03,-63.7,82803
Tartagal,ARG,-22.55,-63.81,60819
Joaquín V. González,ARG,-25.0833,-64.1834,13376
General Guemes,ARG,-24.6666,-65.05,19828
Trancas,ARG,-26.2167,-65.2833,1599
Presidencia Roque Saenz Pena,ARG,-26.79,-60.45,81879
Pampa del Infierno,ARG,-26.5166,-61.1666,2921
Villa Ángela,ARG,-27.5833,-60.7167,30051
Ingeniero Guillermo N. Juarez,ARG,-23.9,-61.85,6453
Comandante Fontana,ARG,-25.3333,-59.6833,4277
Doctor Pedro P. Peña,ARG,-22.48,-62.3,6143
San Lorenzo,ARG,-28.12,-58.77,47626
Corrientes,ARG,-27.49,-58.81,340823
Concepción del Uruguay,ARG,-32.48,-58.24,67895
Victoria,ARG,-32.61,-60.18,25139
Gualeguay,ARG,-33.15,-59.34,33120
Paraná,ARG,-31.7333,-60.5333,262295
Villa Constitución,ARG,-33.23,-60.35,44271
Rafaela,ARG,-31.25,-61.5,88713
Eldorado,ARG,-26.2,-54.6,17365
Sica Sica,BOL,-17.33,-67.73,1006
Rurrenabaque,BOL,-14.46,-67.56,11749
Sorata,BOL,-15.79,-68.6601,2190
Achacachi,BOL,-16.0833,-68.6666,8447
Viacha,BOL,-16.65,-68.2999,34776
Quime,BOL,-16.98,-67.22,4045
Llallagua,BOL,-18.42,-66.64,28069
Uncia,BOL,-18.47,-66.57,4723
Uyuni,BOL,-20.46,-66.83,12939
Villa Martin,BOL,-20.7665,-67.7833,10
Betanzos,BOL,-19.56,-65.45,4847
Portachuelo,BOL,-17.36,-63.4,11485
Samaipata,BOL,-18.18,-63.77,2926
Cuevo,BOL,-20.45,-63.53,953
San Carlos,BOL,-17.4,-63.73,6353
San Lorenzo,BOL,-21.4799,-64.77,3000
Entre Ríos,BOL,-21.53,-64.19,2685
Carmelo,URY,-33.9896,-58.3,16921
Bella Unión,URY,-30.2596,-57.6,22723
Mercedes,URY,-33.2595,-58.03,42359
Melo,URY,-32.3595,-54.18,55494
Rivera,URY,-30.8996,-55.56,200000
Lascano,URY,-33.6696,-54.2,6976
Castillos,URY,-34.1696,-53.83,7686
Pimentel,PER,-6.8296,-79.93,15552
Olmos,PER,-5.9796,-79.75,9800
Sechura,PER,-5.5596,-80.82,23020
Chulucanas,PER,-5.0896,-80.17,68835
Sullana,PER,-4.8896,-80.68,160789
Abancay,PER,-13.6396,-72.89,55111
Camaná,PER,-16.6196,-72.72,20956
Sicuani,PER,-14.2896,-71.23,33575
Puno,PER,-15.833,-70.0333,116552
Ayaviri,PER,-14.8796,-70.6,19310
Ilave,PER,-16.0796,-69.67,16033
Desaguadero,PER,-16.5646,-69.045,5329
Huarmey,PER,-10.0696,-78.16,16172
Cajabamba,PER,-7.6196,-78.04,13486
Jaén,PER,-5.7096,-78.81,52493
Chota,PER,-6.5496,-78.65,14240
Tingo María,PER,-9.2896,-75.99,53177
Moyobamba,PER,-6.0496,-76.9667,47734
Juanjuí,PER,-7.1696,-76.74,37715
Tocache,PER,-8.1796,-76.52,29029
Chachapoyas,PER,-6.2296,-77.87,25978
Caballococha,PER,-3.9163,-70.5083,3195
Puca Urco,PER,-2.3328,-71.9167,10
Andoas,PER,-2.9021,-76.4025,10
Soldado Bartra,PER,-2.5161,-75.7666,10
Nuevo Rocafuerte,PER,-0.9329,-75.4,40
Requena,PER,-5.0696,-73.91,18000
Huanta,PER,-12.9496,-74.25,18627
Coracora,PER,-15.0196,-73.79,7420
Chincha Alta,PER,-13.4196,-76.14,153076
Santiago,PER,-14.1896,-75.74,10449
San Ramon,PER,-11.1296,-75.34,14708
Junín,PER,-11.1496,-76.01,15320
Jauja,PER,-11.7996,-75.5,21057
Pativilca,PER,-10.6996,-77.8,31905
Chancay,PER,-11.5596,-77.27,26958
Chilca,PER,-12.5196,-76.74,12884
Fuerte Olimpo,PRY,-21.0696,-57.9,2475
Capitan Pablo Lagerenza,PRY,-19.9161,-60.7833,1200
La Victoria,PRY,-22.2896,-57.94,5000
Horqueta,PRY,-23.3396,-57.05,16171
Belén,PRY,-23.4695,-57.24,11359
Rosario,PRY,-24.4196,-57.1,5123
Itá,PRY,-25.5096,-57.36,41090
Pilar,PRY,-26.8695,-58.3,28435
Pedro Juan Caballero,PRY,-22.5446,-55.76,102787
Bella Vista,PRY,-22.1296,-56.52,16852
Abaí,PRY,-26.0296,-55.94,3024
Ygatimí,PRY,-24.0796,-55.5,2809
Hohenau,PRY,-27.0796,-55.75,5306
Cochrane,CHL,-47.2663,-72.5499,4441
Lagunas,CHL,-20.9829,-69.6833,10
Pozo Almonte,CHL,-20.2696,-69.8,10830
Toconao,CHL,-23.1829,-68.0166,378
Huasco,CHL,-28.4696,-71.22,2558
Diego de Almagro,CHL,-26.3696,-70.05,18137
Caldera,CHL,-27.0696,-70.83,10259
Coquimbo,CHL,-29.9529,-71.3436,161317
Vicuña,CHL,-30.0295,-70.74,13496
Illapel,CHL,-31.6296,-71.17,26340
Salamanca,CHL,-31.7796,-70.98,20214
Los Andes,CHL,-32.8296,-70.6,56859
San Antonio,CHL,-33.5995,-71.61,104292
Victoria,CHL,-38.2395,-72.34,24555
Carahue,CHL,-38.7095,-73.17,11875
Los Lagos,CHL,-39.8495,-72.83,12813
Lota,CHL,-37.0896,-73.16,49763
Lebu,CHL,-37.6096,-73.65,22345
Quellón,CHL,-43.0996,-73.6,7029
Constitución,CHL,-35.3296,-72.42,37917
Villa O'Higgins,CHL,-48.4669,-72.593,250
Rodeo,ARG,-30.2156,-69.14,701
Las Plumas,ARG,-43.4163,-67.25,605
Gastre,ARG,-42.283,-69.2333,557
Telsen,ARG,-42.3996,-66.95,500
Malargüe,ARG,-35.4661,-69.5833,11847
Tunuyán,ARG,-33.5662,-69.0167,22834
La Paz,ARG,-33.4661,-67.55,4400
Chos Malal,ARG,-37.383,-70.2666,8556
Las Lajas,ARG,-38.5163,-70.3666,1218
Aiquile,BOL,-18.1896,-65.18,8224
Padilla,BOL,-19.2996,-64.31,2920
Camargo,BOL,-20.6396,-65.21,4715
Reyes,BOL,-14.3096,-67.37,7376
San Borja,BOL,-14.8196,-66.85,19640
Magdalena,BOL,-13.2601,-64.0528,3445
San Ramón,BOL,-13.2896,-64.71,6490
Zárate,ARG,-34.0896,-59.04,88781
Carhué,ARG,-37.1829,-62.7333,7190
Darregueira,ARG,-37.6996,-63.1666,3412
Benito Juárez,ARG,-37.6655,-59.8,10609
Mar de Ajó,ARG,-36.7162,-56.6766,13610
Lobos,ARG,-35.1849,-59.0947,18278
Chascomús,ARG,-35.5662,-58.0166,21054
Junín,ARG,-34.5846,-60.9589,85007
La Plata,ARG,-34.9096,-57.96,694253
Pergamino,ARG,-33.8996,-60.57,87652
Luján,ARG,-34.5796,-59.11,81749
Azul,ARG,-36.7796,-59.87,53941
Villalonga,ARG,-39.8829,-62.5833,2838
Victorica,ARG,-36.2163,-65.45,4458
General Pico,ARG,-35.6596,-63.77,57029
San Antonio Oeste,ARG,-40.7329,-64.9333,8492
Sierra Colorado,ARG,-40.5829,-67.8,1522
Mercedes,ARG,-33.6896,-65.47,49345
Río Tercero,ARG,-32.1796,-64.12,53389
Belen,ARG,-27.6496,-67.0333,11359
Rinconada,ARG,-22.4329,-66.1666,6692
San Pedro,ARG,-24.2196,-64.87,58430
Libertador General San Martín,ARG,-23.8195,-64.79,49267
Chilecito,ARG,-29.1655,-67.5,20343
Chamical,ARG,-30.3496,-66.3167,8989
Los Blancos,ARG,-23.5996,-62.6,1145
Cafayate,ARG,-26.0829,-65.9666,11785
Cerrillos,ARG,-24.8996,-65.4833,11498
San Antonio de los Cobres,ARG,-24.1829,-66.35,4000
Añatuya,ARG,-28.4661,-62.8333,14133
Frias,ARG,-28.6496,-65.15,13594
Monte Quemado,ARG,-25.7996,-62.8666,11387
Juan José Castelli,ARG,-25.9495,-60.6166,9421
Charata,ARG,-27.2163,-61.2,18297
Las Lomitas,ARG,-24.6996,-60.6,7683
Mercedes,ARG,-29.1796,-58.08,30649
Concordia,ARG,-31.3896,-58.03,145210
Sunchales,ARG,-30.9329,-61.5666,12655
San Justo,ARG,-30.7829,-60.5833,9607
Vera,ARG,-29.4662,-60.2166,9979
Reconquista,ARG,-29.1395,-59.65,90184
Venado Tuerto,ARG,-33.7496,-61.97,72340
Puerto Heath,BOL,-12.4996,-68.6666,10
Charaña,BOL,-17.5996,-69.4666,197
Puerto Acosta,BOL,-15.4996,-69.1667,1123
Apolo,BOL,-14.7196,-68.42,4189
Coroico,BOL,-16.1896,-67.72,2361
Coro Coro,BOL,-17.1696,-68.45,1884
Sabaya,BOL,-19.0163,-68.3833,573
Challapata,BOL,-18.8996,-66.78,9114
Llica,BOL,-19.8496,-68.25,553
Potosí,BOL,-19.5696,-65.75,179901
Villazón,BOL,-22.0796,-65.6,37215
Tupiza,BOL,-21.4396,-65.72,28766
Montero,BOL,-17.3496,-63.26,88616
Piso Firme,BOL,-13.683,-61.8666,72
Roboré,BOL,-18.3295,-59.76,10036
Puerto Quijarro,BOL,-17.7796,-57.77,10392
San Ignacio,BOL,-16.3696,-60.96,25391
Ascension,BOL,-15.6996,-63.08,14429
San Javier,BOL,-16.2896,-62.5,4210
San Rafael,BOL,-16.7795,-60.6799,1201
Vallegrande,BOL,-18.4896,-64.11,8422
Puerto Suárez,BOL,-18.9496,-57.85,22000
Charagua,BOL,-19.7996,-63.2199,3025
Villamontes,BOL,-21.2496,-63.5,18761
Bermejo,BOL,-22.7296,-64.35,36544
San José de Mayo,URY,-34.35,-56.71,36529
Rocha,URY,-34.483,-54.333,26874
Chiclayo,PER,-6.7629,-79.8366,596792
Juliaca,PER,-15.5,-70.14,245675
Cerro de Pasco,PER,-10.69,-76.27,137232
Tarapoto,PER,-6.51,-76.48,936
Ayacucho,PER,-13.175,-74.22,166314
Callao,PER,-12.07,-77.135,876877
Concepción,PRY,-23.4064,-57.4344,59118
Villarrica,PRY,-25.75,-56.4333,41157
Puerto Aisén,CHL,-45.3999,-72.7,8067
Puerto Natales,CHL,-51.7183,-72.5117,20000
Puerto Williams,CHL,-54.9333,-67.6167,2500
Temuco,CHL,-38.73,-72.58,265901
Paysandú,URY,-32.33,-58.08,79016
Salto,URY,-31.3903,-57.9687,105690
Esquel,ARG,-42.9,-71.3166,20048
Zapala,ARG,-38.9,-70.0667,19152
Cochabamba,BOL,-17.41,-66.17,1000000
Olavarría,ARG,-36.9,-60.33,86320
Tandil,ARG,-37.32,-59.15,104325
Viedma,ARG,-40.8,-63.0,59122
San Luis,ARG,-33.3,-66.35,432310
Río Cuarto,ARG,-33.13,-64.35,153757
San Salvador de Jujuy,ARG,-24.1833,-65.3,305891
San Ramón de la Nueva Orán,ARG,-23.14,-64.32,74059
Goya,ARG,-29.14,-59.27,72304
Oruro,BOL,-17.9799,-67.13,246501
Camiri,BOL,-20.05,-63.52,27961
Paita,PER,-5.09,-81.12,56151
Talara,PER,-4.58,-81.28,99074
Tumbes,PER,-3.57,-80.46,109223
Puerto Maldonado,PER,-12.6,-69.1833,67155
Ilo,PER,-17.64,-71.34,53476
Moquegua,PER,-17.19,-70.94,54517
Huaraz,PER,-9.53,-77.53,86934
Cajamarca,PER,-7.15,-78.53,142665
Huánuco,PER,-9.92,-76.24,158145
Pacasmayo,PER,-7.4006,-79.5706,39282
Salaverry,PER,-8.22,-78.99,10066
Gueppi,PER,-0.1166,-75.23,10
Contamana,PER,-7.34,-75.02,18921
Huancavelica,PER,-12.79,-74.99,44388
Pisco,PER,-13.71,-76.22,81207
Nasca,PER,-14.83,-74.94,23556
Filadelfia,PRY,-22.34,-60.03,10470
Tocopilla,CHL,-22.09,-70.19,24460
Calama,CHL,-22.45,-68.92,143084
Mejillones,CHL,-23.1,-70.45,2041
Taltal,CHL,-25.4,-70.47,10018
Vallenar,CHL,-28.57,-70.76,44895
Chañaral,CHL,-26.3481,-70.6215,13543
Ovalle,CHL,-30.59,-71.2001,77138
Chillán,CHL,-36.6,-72.106,150396
Rancagua,CHL,-34.17,-70.74,233268
Osorno,CHL,-40.57,-73.16,154131
Ancud,CHL,-41.87,-73.83,28020
Talca,CHL,-35.455,-71.67,197479
Curicó,CHL,-34.98,-71.24,113711
Cobija,BOL,-11.0205,-68.7688,44437
Puerto San Julián,ARG,-49.3,-67.7167,2347
Perito Moreno,ARG,-46.6,-70.9334,3766
Rio Grande,ARG,-53.7914,-67.699,31095
Ushuaia,ARG,-54.79,-68.31,58028
Sarmiento,ARG,-45.6,-69.0833,5185
San Rafael,ARG,-34.6,-68.3333,109163
Necochea,ARG,-38.56,-58.75,80478
Río Colorado,ARG,-38.9666,-64.0833,11499
Catamarca,ARG,-28.47,-65.78,188812
La Rioja,ARG,-29.4099,-66.85,162620
Santiago del Estero,ARG,-27.7833,-64.2667,354692
Resistencia,ARG,-27.46,-58.99,387158
Gualeguaychú,ARG,-33.02,-58.52,78676
San Matias,BOL,-16.36,-58.42,6352
San Jose,BOL,-17.85,-60.78,9211
Durazno,URY,-33.41,-56.51,34037
Piura,PER,-5.21,-80.63,396932
Arequipa,PER,-16.418,-71.532,815000
Chimbote,PER,-9.07,-78.57,349846
Pucallpa,PER,-8.3689,-74.535,310750
Iquitos,PER,-3.75,-73.25,458729
Huancayo,PER,-12.08,-75.2,412733
Ciudad del Este,PRY,-25.5167,-54.6161,320872
Coihaique,CHL,-45.57,-72.07,45787
Arica,CHL,-18.5,-70.29,185999
Copiapó,CHL,-27.36,-70.34,129280
La Serena,CHL,-29.9,-71.25,154521
Los Angeles,CHL,-37.46,-72.36,145239
El Calafate,ARG,-50.3333,-72.3,8000
San Juan,ARG,-31.55,-68.52,447048
Rawson,ARG,-43.3,-65.1,26335
Neuquén,ARG,-38.95,-68.06,242092
Trinidad,BOL,-14.8334,-64.9,84259
Santa Rosa,ARG,-36.62,-64.3,111424
Bariloche,ARG,-41.15,-71.3,95394
Salta,ARG,-24.7834,-65.4166,512686
Tucumán,ARG,-26.8141,-65.2186,830000
Formosa,ARG,-26.1728,-58.1828,221383
Santa Fe,ARG,-31.6239,-60.69,489505
Rosario,ARG,-32.9492,-60.6683,1203000
Tarija,BOL,-21.5167,-64.75,159269
Montevideo,URY,-34.8561,-56.173,1513000
Cusco,PER,-13.525,-71.9722,361182
Tacna,PER,-18.0,-70.25,280098
Trujillo,PER,-8.12,-79.02,765171
Ica,PER,-14.068,-75.7255,279420
Asunción,PRY,-25.2945,-57.6435,1870000
Punta Arenas,CHL,-53.165,-70.94,117430
Iquique,CHL,-20.25,-70.13,227499
Antofagasta,CHL,-23.65,-70.4,309832
Valparaíso,CHL,-33.0458,-71.623,854000
Valdivia,CHL,-39.795,-73.245,159599
Concepción,CHL,-36.83,-73.05,889725
Puerto Montt,CHL,-41.47,-72.93,174629
Puerto Deseado,ARG,-47.75,-65.9,3305
Río Gallegos,ARG,-51.6333,-69.2166,85700
Comodoro Rivadavia,ARG,-45.87,-67.5,140850
Mendoza,ARG,-32.8814,-68.8186,893000
Sucre,BOL,-19.041,-65.2595,224838
Riberalta,BOL,-10.983,-66.1,74014
Bahía Blanca,ARG,-38.74,-62.265,281536
Mar del Plata,ARG,-38.0,-57.58,555897
Córdoba,ARG,-31.398,-64.1842,1452000
Posadas,ARG,-27.3578,-55.8851,357119
La Paz,BOL,-16.496,-68.1519,1590000
Santa Cruz,BOL,-17.752,-63.2279,2102998
Lima,PER,-12.0461,-77.052,8012000
Buenos Aires,ARG,-34.6006,-58.3995,12795000
Santiago,CHL,-33.4481,-70.669,5720000
